Timestamp,Show ratings [Arrested Development],Show ratings [Better Call Saul],Show ratings [The Big Bang Theory],Show ratings [Bird Box],Show ratings [Black Mirror],Show ratings [Breaking Bad],Show ratings [Cars 3],Show ratings [Coco],Show ratings [Criminal Minds],Show ratings [Despicable Me 3],Show ratings [Friends],Show ratings [Gilmore Girls],Show ratings [Glee],Show ratings [The Good Place],Show ratings [The Great British Baking Show],Show ratings [Grey's Anatomy],Show ratings [Guardians of the Galaxy],Show ratings [The Haunting of Hill House],Show ratings [Incredibles 2],Show ratings [NCIS],Show ratings [New Girl],Show ratings [The Office],Show ratings [Orange is the New Black],Show ratings [Parks and Recreation],Show ratings [Riverdale],Show ratings [Sherlock],Show ratings [Stranger Things],Show ratings [That 70s Show],Show ratings [Tidying Up],Show ratings [The Vampire Diaries],Show ratings [The Walking Dead],Show ratings [You]
4/3/2019 10:13:33,5 (Great!),4,1 (Yuck!),1 (Yuck!),4,5 (Great!),No rating,No rating,2,No rating,No rating,No rating,No rating,No rating,No rating,No rating,3,No rating,No rating,2,No rating,4,No rating,5 (Great!),No rating,No rating,5 (Great!),2,No rating,No rating,2,No rating
4/3/2019 10:14:22,4,5 (Great!),1 (Yuck!),1 (Yuck!),5 (Great!),5 (Great!),3,3,1 (Yuck!),1 (Yuck!),1 (Yuck!),1 (Yuck!),1 (Yuck!),1 (Yuck!),1 (Yuck!),1 (Yuck!),1 (Yuck!),1 (Yuck!),5 (Great!),1 (Yuck!),1 (Yuck!),5 (Great!),1 (Yuck!),2,No rating,No rating,2,1 (Yuck!),1 (Yuck!),1 (Yuck!),1 (Yuck!),1 (Yuck!)
4/3/2019 10:14:50,No rating,No rating,1 (Yuck!),No rating,No rating,5 (Great!),No rating,No rating,No rating,No rating,3,No rating,No rating,No rating,3,No rating,5 (Great!),No rating,No rating,4,No rating,5 (Great!),No rating,5 (Great!),No rating,No rating,5 (Great!),3,No rating,No rating,4,No rating
4/3/2019 10:16:48,5 (Great!),4,1 (Yuck!),No rating,No rating,5 (Great!),No rating,No rating,No rating,No rating,2,No rating,No rating,No rating,No rating,No rating,4,No rating,4,2,4,5 (Great!),No rating,5 (Great!),No rating,No rating,5 (Great!),3,No rating,No rating,2,No rating
4/3/2019 10:17:52,No rating,No rating,4,No rating,No rating,No rating,4,4,No rating,3,2,No rating,4,No rating,4,No rating,No rating,No rating,5 (Great!),No rating,5 (Great!),5 (Great!),No rating,4,No rating,No rating,No rating,,No rating,No rating,No rating,4
4/3/2019 10:22:25,No rating,5 (Great!),No rating,2,4,5 (Great!),No rating,No rating,No rating,No rating,4,No rating,No rating,No rating,No rating,No rating,5 (Great!),No rating,3,No rating,No rating,2,No rating,5 (Great!),3,No rating,2,No rating,No rating,No rating,No rating,2
4/3/2019 10:24:13,No rating,2,3,4,5 (Great!),5 (Great!),No rating,No rating,3,No rating,3,No rating,No rating,No rating,No rating,No rating,No rating,No rating,3,No rating,4,4,3,No rating,No rating,2,5 (Great!),3,No rating,No rating,No rating,3
4/3/2019 10:24:59,No rating,No rating,No rating,4,No rating,No rating,3,No rating,No rating,No rating,No rating,No rating,No rating,No rating,No rating,,5 (Great!),No rating,No rating,3,No rating,4,3,No rating,No rating,No rating,5 (Great!),No rating,No rating,No rating,3,No rating
4/3/2019 10:25:10,No rating,5 (Great!),1 (Yuck!),1 (Yuck!),4,5 (Great!),5 (Great!),No rating,5 (Great!),1 (Yuck!),1 (Yuck!),1 (Yuck!),1 (Yuck!),1 (Yuck!),2,1 (Yuck!),1 (Yuck!),No rating,5 (Great!),3,No rating,5 (Great!),3,1 (Yuck!),No rating,No rating,5 (Great!),5 (Great!),No rating,No rating,1 (Yuck!),No rating
4/3/2019 10:25:29,No rating,No rating,No rating,3,No rating,No rating,3,5 (Great!),5 (Great!),No rating,4,No rating,4,3,2,4,4,No rating,No rating,3,5 (Great!),5 (Great!),No rating,No rating,No rating,No rating,No rating,4,No rating,No rating,1 (Yuck!),No rating
4/3/2019 10:29:49,No rating,2,2,4,4,3,3,3,No rating,3,4,No rating,3,No rating,No rating,5 (Great!),3,No rating,3,5 (Great!),5 (Great!),5 (Great!),3,4,3,No rating,1 (Yuck!),No rating,No rating,No rating,No rating,No rating
4/3/2019 10:39:40,5 (Great!),4,1 (Yuck!),No rating,No rating,5 (Great!),No rating,No rating,No rating,No rating,2,No rating,No rating,No rating,No rating,2,No rating,No rating,3,No rating,5 (Great!),5 (Great!),No rating,5 (Great!),No rating,4,No rating,No rating,No rating,No rating,No rating,No rating
4/3/2019 10:42:21,4,1 (Yuck!),1 (Yuck!),3,No rating,1 (Yuck!),No rating,No rating,5 (Great!),No rating,1 (Yuck!),No rating,No rating,No rating,No rating,No rating,No rating,No rating,No rating,3,2,1 (Yuck!),No rating,4,5 (Great!),1 (Yuck!),1 (Yuck!),3,No rating,5 (Great!),No rating,No rating
4/3/2019 10:43:56,No rating,No rating,3,3,5 (Great!),4,1 (Yuck!),4,5 (Great!),4,No rating,No rating,No rating,No rating,1 (Yuck!),No rating,5 (Great!),5 (Great!),4,3,No rating,3,3,3,4,4,5 (Great!),No rating,No rating,No rating,No rating,No rating
4/3/2019 10:44:01,4,5 (Great!),3,No rating,4,5 (Great!),No rating,No rating,No rating,No rating,1 (Yuck!),1 (Yuck!),2,No rating,4,1 (Yuck!),3,5 (Great!),4,3,4,5 (Great!),2,4,1 (Yuck!),5 (Great!),5 (Great!),No rating,No rating,No rating,2,No rating
4/3/2019 10:45:22,No rating,No rating,3,3,No rating,2,4,,4,4,5 (Great!),5 (Great!),5 (Great!),5 (Great!),No rating,5 (Great!),5 (Great!),No rating,No rating,No rating,No rating,No rating,3,No rating,No rating,No rating,No rating,3,No rating,5 (Great!),No rating,4
4/3/2019 10:50:38,No rating,No rating,1 (Yuck!),2,3,5 (Great!),1 (Yuck!),5 (Great!),No rating,No rating,2,No rating,2,5 (Great!),No rating,1 (Yuck!),4,No rating,4,No rating,4,5 (Great!),No rating,5 (Great!),No rating,No rating,5 (Great!),3,2,No rating,No rating,No rating
4/3/2019 10:52:04,3,No rating,5 (Great!),No rating,No rating,5 (Great!),5 (Great!),5 (Great!),3,5 (Great!),4,No rating,No rating,No rating,No rating,4,5 (Great!),No rating,3,2,3,No rating,No rating,4,5 (Great!),No rating,No rating,5 (Great!),No rating,5 (Great!),3,No rating
4/3/2019 10:58:10,3,5 (Great!),2,No rating,4,5 (Great!),No rating,No rating,2,No rating,3,No rating,2,No rating,3,No rating,3,No rating,4,2,3,4,No rating,4,No rating,No rating,4,3,No rating,No rating,3,No rating
4/3/2019 11:02:38,No rating,4,2,No rating,No rating,5 (Great!),1 (Yuck!),4,No rating,2,2,4,3,No rating,3,4,3,No rating,4,No rating,4,5 (Great!),No rating,4,No rating,No rating,5 (Great!),2,No rating,No rating,1 (Yuck!),No rating
4/3/2019 11:10:07,3,5 (Great!),5 (Great!),1 (Yuck!),5 (Great!),5 (Great!),No rating,No rating,1 (Yuck!),No rating,3,No rating,No rating,3,No rating,No rating,5 (Great!),No rating,No rating,4,5 (Great!),5 (Great!),2,5 (Great!),No rating,5 (Great!),4,4,No rating,No rating,3,No rating
4/3/2019 11:20:11,No rating,No rating,No rating,5 (Great!),No rating,No rating,No rating,No rating,5 (Great!),4,5 (Great!),5 (Great!),2,4,2,2,4,No rating,5 (Great!),No rating,5 (Great!),5 (Great!),4,5 (Great!),3,No rating,4,5 (Great!),No rating,1 (Yuck!),1 (Yuck!),4
4/3/2019 11:30:49,No rating,No rating,4,No rating,No rating,No rating,5 (Great!),No rating,4,3,3,2,1 (Yuck!),No rating,No rating,No rating,No rating,3,5 (Great!),No rating,5 (Great!),4,1 (Yuck!),2,5 (Great!),No rating,5 (Great!),5 (Great!),No rating,No rating,1 (Yuck!),5 (Great!)
4/3/2019 11:32:52,5 (Great!),No rating,1 (Yuck!),No rating,No rating,2,No rating,4,3,No rating,1 (Yuck!),3,2,5 (Great!),5 (Great!),No rating,4,No rating,4,No rating,5 (Great!),5 (Great!),2,5 (Great!),5 (Great!),3,5 (Great!),No rating,No rating,No rating,1 (Yuck!),5 (Great!)
4/3/2019 11:34:18,No rating,No rating,3,5 (Great!),No rating,3,No rating,4,No rating,No rating,2,No rating,No rating,No rating,5 (Great!),1 (Yuck!),2,No rating,1 (Yuck!),2,3,4,4,4,No rating,1 (Yuck!),4,3,No rating,No rating,No rating,No rating
4/3/2019 11:38:11,4,No rating,1 (Yuck!),5 (Great!),5 (Great!),4,2,5 (Great!),3,2,1 (Yuck!),No rating,1 (Yuck!),5 (Great!),5 (Great!),2,2,5 (Great!),2,No rating,5 (Great!),No rating,2,5 (Great!),4,1 (Yuck!),5 (Great!),No rating,No rating,No rating,No rating,No rating
4/3/2019 11:59:39,5 (Great!),5 (Great!),3,2,5 (Great!),5 (Great!),No rating,No rating,4,3,5 (Great!),4,No rating,4,3,No rating,No rating,No rating,No rating,3,3,5 (Great!),No rating,4,No rating,4,No rating,5 (Great!),No rating,No rating,1 (Yuck!),No rating
4/3/2019 11:59:40,No rating,No rating,5 (Great!),3,No rating,No rating,4,5 (Great!),No rating,4,No rating,No rating,No rating,No rating,No rating,No rating,5 (Great!),No rating,5 (Great!),No rating,No rating,5 (Great!),No rating,No rating,No rating,No rating,No rating,No rating,No rating,No rating,No rating,No rating
4/3/2019 12:00:07,3,2,5 (Great!),2,No rating,5 (Great!),2,No rating,4,1 (Yuck!),5 (Great!),No rating,No rating,5 (Great!),5 (Great!),No rating,5 (Great!),No rating,5 (Great!),4,5 (Great!),3,4,5 (Great!),No rating,5 (Great!),5 (Great!),5 (Great!),No rating,3,1 (Yuck!),No rating
4/3/2019 12:03:10,No rating,No rating,1 (Yuck!),4,4,No rating,No rating,4,No rating,5 (Great!),4,No rating,No rating,No rating,No rating,No rating,No rating,No rating,4,No rating,No rating,4,No rating,No rating,5 (Great!),No rating,No rating,5 (Great!),No rating,No rating,No rating,No rating
4/3/2019 12:03:35,No rating,No rating,1 (Yuck!),1 (Yuck!),5 (Great!),5 (Great!),2,5 (Great!),3,2,3,No rating,2,5 (Great!),No rating,No rating,5 (Great!),No rating,4,No rating,2,5 (Great!),No rating,5 (Great!),1 (Yuck!),No rating,5 (Great!),4,No rating,4,3,5 (Great!)
4/3/2019 12:04:40,No rating,No rating,5 (Great!),No rating,3,4,4,No rating,5 (Great!),No rating,3,1 (Yuck!),No rating,2,No rating,5 (Great!),5 (Great!),No rating,4,No rating,5 (Great!),5 (Great!),3,4,5 (Great!),No rating,5 (Great!),4,No rating,No rating,3,No rating
4/3/2019 12:39:51,No rating,No rating,1 (Yuck!),3,1 (Yuck!),4,3,5 (Great!),4,1 (Yuck!),1 (Yuck!),1 (Yuck!),1 (Yuck!),3,5 (Great!),3,5 (Great!),No rating,5 (Great!),4,4,5 (Great!),2,4,3,1 (Yuck!),5 (Great!),5 (Great!),No rating,No rating,No rating,No rating
4/3/2019 13:07:47,No rating,No rating,2,No rating,No rating,No rating,2,3,5 (Great!),2,5 (Great!),5 (Great!),5 (Great!),No rating,3,5 (Great!),5 (Great!),No rating,5 (Great!),No rating,1 (Yuck!),1 (Yuck!),No rating,No rating,5 (Great!),No rating,1 (Yuck!),No rating,No rating,5 (Great!),No rating,No rating
4/3/2019 13:20:59,No rating,5 (Great!),4,2,No rating,5 (Great!),No rating,No rating,No rating,No rating,5 (Great!),No rating,1 (Yuck!),No rating,No rating,2,4,No rating,No rating,No rating,2,3,No rating,1 (Yuck!),No rating,No rating,5 (Great!),3,No rating,No rating,No rating,No rating
4/3/2019 14:33:16,No rating,No rating,4,5 (Great!),No rating,No rating,No rating,No rating,5 (Great!),No rating,3,3,3,No rating,No rating,5 (Great!),No rating,No rating,No rating,5 (Great!),1 (Yuck!),5 (Great!),4,4,No rating,No rating,No rating,3,No rating,No rating,No rating,No rating
4/3/2019 14:52:07,No rating,5 (Great!),No rating,No rating,No rating,5 (Great!),3,4,4,4,No rating,3,No rating,No rating,4,5 (Great!),No rating,No rating,5 (Great!),No rating,5 (Great!),5 (Great!),No rating,4,4,No rating,No rating,No rating,No rating,3,4,4
4/3/2019 15:29:16,No rating,No rating,3,No rating,No rating,No rating,1 (Yuck!),5 (Great!),2,3,5 (Great!),5 (Great!),5 (Great!),No rating,5 (Great!),5 (Great!),4,No rating,4,4,5 (Great!),4,No rating,No rating,No rating,5 (Great!),No rating,4,No rating,No rating,No rating,No rating
4/3/2019 21:59:41,No rating,No rating,4,2,2,No rating,No rating,No rating,4,4,5 (Great!),5 (Great!),4,No rating,No rating,3,4,5 (Great!),5 (Great!),4,4,5 (Great!),4,No rating,5 (Great!),No rating,5 (Great!),5 (Great!),4,No rating,No rating,5 (Great!)
4/3/2019 23:00:48,No rating,No rating,1 (Yuck!),4,5 (Great!),1 (Yuck!),5 (Great!),5 (Great!),5 (Great!),,1 (Yuck!),No rating,No rating,No rating,5 (Great!),1 (Yuck!),5 (Great!),No rating,5 (Great!),,,4,No rating,5 (Great!),5 (Great!),4,5 (Great!),1 (Yuck!),1 (Yuck!),1 (Yuck!),1 (Yuck!),5 (Great!)
4/4/2019 12:41:25,No rating,No rating,5 (Great!),No rating,3,No rating,1 (Yuck!),4,4,3,5 (Great!),5 (Great!),5 (Great!),No rating,No rating,5 (Great!),5 (Great!),2,5 (Great!),No rating,5 (Great!),5 (Great!),No rating,5 (Great!),5 (Great!),No rating,5 (Great!),4,No rating,3,2,No rating
4/4/2019 14:54:10,2,No rating,No rating,5 (Great!),3,3,1 (Yuck!),5 (Great!),No rating,1 (Yuck!),5 (Great!),4,3,4,4,4,5 (Great!),No rating,2,No rating,5 (Great!),1 (Yuck!),No rating,1 (Yuck!),1 (Yuck!),5 (Great!),5 (Great!),No rating,5 (Great!),1 (Yuck!),No rating,5 (Great!)